"order","names"
1,"new"
1,"top"
1,"great"
1,"blue"
1,"best"
1,"gold"
1,"grand"
1,"united"
1,"first"
1,"ocean"
1,"rich"
1,"sino"
1,"fortune"
1,"green"
1,"east"
1,"good"
1,"well"
1,"bright"
1,"dragon"
1,"sky"
1,"power"
1,"super"
1,"lucky"
1,"prime"
1,"high"
1,"red"
1,"asian"
1,"full"
1,"win"
1,"profit"
1,"south"
2,"business"
2,"financial"
2,"equities"
2,"marketing"
2,"property"
2,"ventures"
2,"resources"
2,"industries"
2,"asset"
2,"real"
2,"estates"
2,"developments"
2,"enterprise"
2,"shipping"
2,"engineering"
2,"energy"
2,"tech"
2,"link"
2,"success"
2,"offshore"
2,"media"
2,"view"
2,"way"
2,"land"
2,"team"
2,"marine"
3,"consultant"
3,"industry"
3,"advisors"
3,"venture"
3,"logistics"
3,"import"
3,"far"
3,"chemical"
3,"machinery"
3,"corporate"
3,"gas"
3,"private"
3,"construction"
3,"design"
3,"family"
3,"tower"
3,"equipment"
3,"equity"
3,"mining"
3,"investors"
3,"oil"
3,"sociedad"
3,"system"
3,"club"
3,"petroleum"
3,"electronic"
4,"ltd."
4,"inc."
4,"s.a."
4,"corp."
4,"foundation"
4,"trust"
4,"gmbh"
4,"company"
4,"associates"
4,"group"
4,"fund"
4,"partners"
